Category,Sample,method,total_reads,proportion
0363146290_S22_L001_R1_001.fastp.fastq.gz,363146290_R1,Read Count,6678,0.116913402
0363146290_S22_L001_R2_001.fastp.fastq.gz,363146290_R1,Read Count,6678,0.116913402
0363146693_S323_L001_R1_001.fastp.fastq.gz,363146693_R1,Read Count,4209,0.073688007
0363146693_S323_L001_R2_001.fastp.fastq.gz,363146693_R1,Read Count,4209,0.073688007
0363146696_S326_L001_R1_001.fastp.fastq.gz,363146696_R1,Read Count,5721,0.100158966
0363146696_S326_L001_R2_001.fastp.fastq.gz,363146696_R1,Read Count,5721,0.100158966
0363146697_S317_L001_R1_001.fastp.fastq.gz,363146697_R1,Read Count,2473,0.043295424
0363146697_S317_L001_R2_001.fastp.fastq.gz,363146697_R1,Read Count,2473,0.043295424
0363146705_S328_L001_R1_001.fastp.fastq.gz,363146705_R1,Read Count,9004,0.157635261
0363146705_S328_L001_R2_001.fastp.fastq.gz,363146705_R1,Read Count,9004,0.157635261
0363146707_S325_L001_R1_001.fastp.fastq.gz,363146707_R1,Read Count,5142,0.090022269
0363146707_S325_L001_R2_001.fastp.fastq.gz,363146707_R1,Read Count,5142,0.090022269
0363146712_S327_L001_R1_001.fastp.fastq.gz,363146712_R1,Read Count,7907,0.13842981
0363146712_S327_L001_R2_001.fastp.fastq.gz,363146712_R1,Read Count,7907,0.13842981
0363146714_S324_L001_R1_001.fastp.fastq.gz,363146714_R1,Read Count,1310,0.022934495
0363146714_S324_L001_R2_001.fastp.fastq.gz,363146714_R1,Read Count,1310,0.022934495
0363146718_S319_L001_R1_001.fastp.fastq.gz,363146718_R1,Read Count,7784,0.136276418
0363146718_S319_L001_R2_001.fastp.fastq.gz,363146718_R1,Read Count,7784,0.136276418
0363146725_S79_L001_R1_001.fastp.fastq.gz,363146725_R1,Read Count,8922,0.156199667
0363146725_S79_L001_R2_001.fastp.fastq.gz,363146725_R1,Read Count,8922,0.156199667
0363146814_S56_L001_R1_001.fastp.fastq.gz,363146814_R1,Read Count,9419,0.164900769
0363146814_S56_L001_R2_001.fastp.fastq.gz,363146814_R1,Read Count,9419,0.164900769
0363146831_S362_L001_R1_001.fastp.fastq.gz,363146831_R1,Read Count,6261,0.10961288
0363146831_S362_L001_R2_001.fastp.fastq.gz,363146831_R1,Read Count,6261,0.10961288
0363146839_S298_L001_R1_001.fastp.fastq.gz,363146839_R1,Read Count,6702,0.117333576
0363146839_S298_L001_R2_001.fastp.fastq.gz,363146839_R1,Read Count,6702,0.117333576
0363146847_S87_L001_R1_001.fastp.fastq.gz,363146847_R1,Read Count,8792,0.153923724
0363146847_S87_L001_R2_001.fastp.fastq.gz,363146847_R1,Read Count,8792,0.153923724
0363146860_S95_L001_R1_001.fastp.fastq.gz,363146860_R1,Read Count,8514,0.149056709
0363146860_S95_L001_R2_001.fastp.fastq.gz,363146860_R1,Read Count,8514,0.149056709
0363146865_S318_L001_R1_001.fastp.fastq.gz,363146865_R1,Read Count,10147,0.177646045
0363146865_S318_L001_R2_001.fastp.fastq.gz,363146865_R1,Read Count,10147,0.177646045
0363146867_S353_L001_R1_001.fastp.fastq.gz,363146867_R1,Read Count,6866,0.120204765
0363146867_S353_L001_R2_001.fastp.fastq.gz,363146867_R1,Read Count,6866,0.120204765
0363146883_S88_L001_R1_001.fastp.fastq.gz,363146883_R1,Read Count,18556,0.324864494
0363146883_S88_L001_R2_001.fastp.fastq.gz,363146883_R1,Read Count,18556,0.324864494
0363146921_S6_L001_R1_001.fastp.fastq.gz,363146921_R1,Read Count,7649,0.13391294
0363146921_S6_L001_R2_001.fastp.fastq.gz,363146921_R1,Read Count,7649,0.13391294
0363146926_S314_L001_R1_001.fastp.fastq.gz,363146926_R1,Read Count,7737,0.135453578
0363146926_S314_L001_R2_001.fastp.fastq.gz,363146926_R1,Read Count,7737,0.135453578
0363146928_S1_L001_R1_001.fastp.fastq.gz,363146928_R1,Read Count,6600,0.115547837
0363146928_S1_L001_R2_001.fastp.fastq.gz,363146928_R1,Read Count,6600,0.115547837
0363146929_S19_L001_R1_001.fastp.fastq.gz,363146929_R1,Read Count,4299,0.075263659
0363146929_S19_L001_R2_001.fastp.fastq.gz,363146929_R1,Read Count,4299,0.075263659
0363146934_S78_L001_R1_001.fastp.fastq.gz,363146934_R1,Read Count,1998,0.034979482
0363146934_S78_L001_R2_001.fastp.fastq.gz,363146934_R1,Read Count,1998,0.034979482
0363146935_S321_L001_R1_001.fastp.fastq.gz,363146935_R1,Read Count,8839,0.154746565
0363146935_S321_L001_R2_001.fastp.fastq.gz,363146935_R1,Read Count,8839,0.154746565
0363146936_S74_L001_R1_001.fastp.fastq.gz,363146936_R1,Read Count,3017,0.052819367
0363146936_S74_L001_R2_001.fastp.fastq.gz,363146936_R1,Read Count,3017,0.052819367
0363146937_S333_L001_R1_001.fastp.fastq.gz,363146937_R1,Read Count,17301,0.302892898
0363146937_S333_L001_R2_001.fastp.fastq.gz,363146937_R1,Read Count,17301,0.302892898
0363146938_S335_L001_R1_001.fastp.fastq.gz,363146938_R1,Read Count,3118,0.054587599
0363146938_S335_L001_R2_001.fastp.fastq.gz,363146938_R1,Read Count,3118,0.054587599
0363146942_S96_L001_R1_001.fastp.fastq.gz,363146942_R1,Read Count,9759,0.170853233
0363146942_S96_L001_R2_001.fastp.fastq.gz,363146942_R1,Read Count,9759,0.170853233
0363146943_S338_L001_R1_001.fastp.fastq.gz,363146943_R1,Read Count,11043,0.19333254
0363146943_S338_L001_R2_001.fastp.fastq.gz,363146943_R1,Read Count,11043,0.19333254
0363146944_S94_L001_R1_001.fastp.fastq.gz,363146944_R1,Read Count,10821,0.189445931
0363146944_S94_L001_R2_001.fastp.fastq.gz,363146944_R1,Read Count,10821,0.189445931
0363146945_S83_L001_R1_001.fastp.fastq.gz,363146945_R1,Read Count,12901,0.225861006
0363146945_S83_L001_R2_001.fastp.fastq.gz,363146945_R1,Read Count,12901,0.225861006
0363146946_S91_L001_R1_001.fastp.fastq.gz,363146946_R1,Read Count,7410,0.129728708
0363146946_S91_L001_R2_001.fastp.fastq.gz,363146946_R1,Read Count,7410,0.129728708
0363146950_S294_L001_R1_001.fastp.fastq.gz,363146950_R1,Read Count,9383,0.164270508
0363146950_S294_L001_R2_001.fastp.fastq.gz,363146950_R1,Read Count,9383,0.164270508
0363146951_S305_L001_R1_001.fastp.fastq.gz,363146951_R1,Read Count,9553,0.16724674
0363146951_S305_L001_R2_001.fastp.fastq.gz,363146951_R1,Read Count,9553,0.16724674
0363146952_S31_L001_R1_001.fastp.fastq.gz,363146952_R1,Read Count,9033,0.158142971
0363146952_S31_L001_R2_001.fastp.fastq.gz,363146952_R1,Read Count,9033,0.158142971
0363146953_S9_L001_R1_001.fastp.fastq.gz,363146953_R1,Read Count,9186,0.16082158
0363146953_S9_L001_R2_001.fastp.fastq.gz,363146953_R1,Read Count,9186,0.16082158
0363146954_S5_L001_R1_001.fastp.fastq.gz,363146954_R1,Read Count,7996,0.139987955
0363146954_S5_L001_R2_001.fastp.fastq.gz,363146954_R1,Read Count,7996,0.139987955
0363146959_S290_L001_R1_001.fastp.fastq.gz,363146959_R1,Read Count,11202,0.196116192
0363146959_S290_L001_R2_001.fastp.fastq.gz,363146959_R1,Read Count,11202,0.196116192
0363146960_S82_L001_R1_001.fastp.fastq.gz,363146960_R1,Read Count,12797,0.224040253
0363146960_S82_L001_R2_001.fastp.fastq.gz,363146960_R1,Read Count,12797,0.224040253
0363146961_S52_L001_R1_001.fastp.fastq.gz,363146961_R1,Read Count,4692,0.082144008
0363146961_S52_L001_R2_001.fastp.fastq.gz,363146961_R1,Read Count,4692,0.082144008
0363146962_S331_L001_R1_001.fastp.fastq.gz,363146962_R1,Read Count,9865,0.172709002
0363146962_S331_L001_R2_001.fastp.fastq.gz,363146962_R1,Read Count,9865,0.172709002
0363146966_S354_L001_R1_001.fastp.fastq.gz,363146966_R1,Read Count,4003,0.070081514
0363146966_S354_L001_R2_001.fastp.fastq.gz,363146966_R1,Read Count,4003,0.070081514
0363146967_S322_L001_R1_001.fastp.fastq.gz,363146967_R1,Read Count,5,8.75E-05
0363146967_S322_L001_R2_001.fastp.fastq.gz,363146967_R1,Read Count,5,8.75E-05
0363146969_S80_L001_R1_001.fastp.fastq.gz,363146969_R1,Read Count,7644,0.133825404
0363146969_S80_L001_R2_001.fastp.fastq.gz,363146969_R1,Read Count,7644,0.133825404
0363146971_S24_L001_R1_001.fastp.fastq.gz,363146971_R1,Read Count,8520,0.149161753
0363146971_S24_L001_R2_001.fastp.fastq.gz,363146971_R1,Read Count,8520,0.149161753
0363146972_S332_L001_R1_001.fastp.fastq.gz,363146972_R1,Read Count,4933,0.086363254
0363146972_S332_L001_R2_001.fastp.fastq.gz,363146972_R1,Read Count,4933,0.086363254
0363146973_S64_L001_R1_001.fastp.fastq.gz,363146973_R1,Read Count,7974,0.139602796
0363146973_S64_L001_R2_001.fastp.fastq.gz,363146973_R1,Read Count,7974,0.139602796
0363146976_S313_L001_R1_001.fastp.fastq.gz,363146976_R1,Read Count,8705,0.152400594
0363146976_S313_L001_R2_001.fastp.fastq.gz,363146976_R1,Read Count,8705,0.152400594
0363146978_S289_L001_R1_001.fastp.fastq.gz,363146978_R1,Read Count,12973,0.227121528
0363146978_S289_L001_R2_001.fastp.fastq.gz,363146978_R1,Read Count,12973,0.227121528
0363146983_S291_L001_R1_001.fastp.fastq.gz,363146983_R1,Read Count,7574,0.132599896
0363146983_S291_L001_R2_001.fastp.fastq.gz,363146983_R1,Read Count,7574,0.132599896
0363146984_S20_L001_R1_001.fastp.fastq.gz,363146984_R1,Read Count,8269,0.144767434
0363146984_S20_L001_R2_001.fastp.fastq.gz,363146984_R1,Read Count,8269,0.144767434
0363146985_S84_L001_R1_001.fastp.fastq.gz,363146985_R1,Read Count,7344,0.128573229
0363146985_S84_L001_R2_001.fastp.fastq.gz,363146985_R1,Read Count,7344,0.128573229
0363146986_S86_L001_R1_001.fastp.fastq.gz,363146986_R1,Read Count,10886,0.190583902
0363146986_S86_L001_R2_001.fastp.fastq.gz,363146986_R1,Read Count,10886,0.190583902
0363146987_S17_L001_R1_001.fastp.fastq.gz,363146987_R1,Read Count,9086,0.159070855
0363146987_S17_L001_R2_001.fastp.fastq.gz,363146987_R1,Read Count,9086,0.159070855
0363146989_S76_L001_R1_001.fastp.fastq.gz,363146989_R1,Read Count,1946,0.034069105
0363146989_S76_L001_R2_001.fastp.fastq.gz,363146989_R1,Read Count,1946,0.034069105
0363146992_S306_L001_R1_001.fastp.fastq.gz,363146992_R1,Read Count,9065,0.158703203
0363146992_S306_L001_R2_001.fastp.fastq.gz,363146992_R1,Read Count,9065,0.158703203
0363146993_S293_L001_R1_001.fastp.fastq.gz,363146993_R1,Read Count,6641,0.116265634
0363146993_S293_L001_R2_001.fastp.fastq.gz,363146993_R1,Read Count,6641,0.116265634
0363146994_S361_L001_R1_001.fastp.fastq.gz,363146994_R1,Read Count,8586,0.150317231
0363146994_S361_L001_R2_001.fastp.fastq.gz,363146994_R1,Read Count,8586,0.150317231
0363146995_S292_L001_R1_001.fastp.fastq.gz,363146995_R1,Read Count,8182,0.143244303
0363146995_S292_L001_R2_001.fastp.fastq.gz,363146995_R1,Read Count,8182,0.143244303
0363146996_S297_L001_R1_001.fastp.fastq.gz,363146996_R1,Read Count,9727,0.170293001
0363146996_S297_L001_R2_001.fastp.fastq.gz,363146996_R1,Read Count,9727,0.170293001
0363146997_S337_L001_R1_001.fastp.fastq.gz,363146997_R1,Read Count,5135,0.089899718
0363146997_S337_L001_R2_001.fastp.fastq.gz,363146997_R1,Read Count,5135,0.089899718
0363147001_S93_L001_R1_001.fastp.fastq.gz,363147001_R1,Read Count,7426,0.130008824
0363147001_S93_L001_R2_001.fastp.fastq.gz,363147001_R1,Read Count,7426,0.130008824
0363147004_S57_L001_R1_001.fastp.fastq.gz,363147004_R1,Read Count,8255,0.144522332
0363147004_S57_L001_R2_001.fastp.fastq.gz,363147004_R1,Read Count,8255,0.144522332
0363147005_S25_L001_R1_001.fastp.fastq.gz,363147005_R1,Read Count,7870,0.137782042
0363147005_S25_L001_R2_001.fastp.fastq.gz,363147005_R1,Read Count,7870,0.137782042
0363147006_S26_L001_R1_001.fastp.fastq.gz,363147006_R1,Read Count,7424,0.129973809
0363147006_S26_L001_R2_001.fastp.fastq.gz,363147006_R1,Read Count,7424,0.129973809
0363147010_S330_L001_R1_001.fastp.fastq.gz,363147010_R1,Read Count,14262,0.249688371
0363147010_S330_L001_R2_001.fastp.fastq.gz,363147010_R1,Read Count,14262,0.249688371
0363147011_S295_L001_R1_001.fastp.fastq.gz,363147011_R1,Read Count,8962,0.156899957
0363147011_S295_L001_R2_001.fastp.fastq.gz,363147011_R1,Read Count,8962,0.156899957
0363147012_S329_L001_R1_001.fastp.fastq.gz,363147012_R1,Read Count,8425,0.147498564
0363147012_S329_L001_R2_001.fastp.fastq.gz,363147012_R1,Read Count,8425,0.147498564
0363148362_S360_L001_R1_001.fastp.fastq.gz,363148362_R1,Read Count,9360,0.163867841
0363148362_S360_L001_R2_001.fastp.fastq.gz,363148362_R1,Read Count,9360,0.163867841
0363148363_S196_L001_R1_001.fastp.fastq.gz,363148363_R1,Read Count,8551,0.149704478
0363148363_S196_L001_R2_001.fastp.fastq.gz,363148363_R1,Read Count,8551,0.149704478
0363148365_S260_L001_R1_001.fastp.fastq.gz,363148365_R1,Read Count,12314,0.215584252
0363148365_S260_L001_R2_001.fastp.fastq.gz,363148365_R1,Read Count,12314,0.215584252
0363148366_S267_L001_R1_001.fastp.fastq.gz,363148366_R1,Read Count,12739,0.223024832
0363148366_S267_L001_R2_001.fastp.fastq.gz,363148366_R1,Read Count,12739,0.223024832
0363148367_S149_L001_R1_001.fastp.fastq.gz,363148367_R1,Read Count,4567,0.079955602
0363148367_S149_L001_R2_001.fastp.fastq.gz,363148367_R1,Read Count,4567,0.079955602
0363148368_S367_L001_R1_001.fastp.fastq.gz,363148368_R1,Read Count,10272,0.179834451
0363148368_S367_L001_R2_001.fastp.fastq.gz,363148368_R1,Read Count,10272,0.179834451
0363148369_S217_L001_R1_001.fastp.fastq.gz,363148369_R1,Read Count,9571,0.167561871
0363148369_S217_L001_R2_001.fastp.fastq.gz,363148369_R1,Read Count,9571,0.167561871
0363148370_S147_L001_R1_001.fastp.fastq.gz,363148370_R1,Read Count,6333,0.110873402
0363148370_S147_L001_R2_001.fastp.fastq.gz,363148370_R1,Read Count,6333,0.110873402
0363148371_S268_L001_R1_001.fastp.fastq.gz,363148371_R1,Read Count,5601,0.098058096
0363148371_S268_L001_R2_001.fastp.fastq.gz,363148371_R1,Read Count,5601,0.098058096
0363148372_S220_L001_R1_001.fastp.fastq.gz,363148372_R1,Read Count,6271,0.109787952
0363148372_S220_L001_R2_001.fastp.fastq.gz,363148372_R1,Read Count,6271,0.109787952
0363148373_S265_L001_R1_001.fastp.fastq.gz,363148373_R1,Read Count,6680,0.116948417
0363148373_S265_L001_R2_001.fastp.fastq.gz,363148373_R1,Read Count,6680,0.116948417
0363148374_S253_L001_R1_001.fastp.fastq.gz,363148374_R1,Read Count,3724,0.065196992
0363148374_S253_L001_R2_001.fastp.fastq.gz,363148374_R1,Read Count,3724,0.065196992
0363148375_S103_L001_R1_001.fastp.fastq.gz,363148375_R1,Read Count,10924,0.191249177
0363148375_S103_L001_R2_001.fastp.fastq.gz,363148375_R1,Read Count,10924,0.191249177
0363148376_S255_L001_R1_001.fastp.fastq.gz,363148376_R1,Read Count,6484,0.113516996
0363148376_S255_L001_R2_001.fastp.fastq.gz,363148376_R1,Read Count,6484,0.113516996
0363148377_S222_L001_R1_001.fastp.fastq.gz,363148377_R1,Read Count,10083,0.176525582
0363148377_S222_L001_R2_001.fastp.fastq.gz,363148377_R1,Read Count,10083,0.176525582
0363148378_S208_L001_R1_001.fastp.fastq.gz,363148378_R1,Read Count,10136,0.177453466
0363148378_S208_L001_R2_001.fastp.fastq.gz,363148378_R1,Read Count,10136,0.177453466
0363148379_S212_L001_R1_001.fastp.fastq.gz,363148379_R1,Read Count,7554,0.132249751
0363148379_S212_L001_R2_001.fastp.fastq.gz,363148379_R1,Read Count,7554,0.132249751
0363148380_S249_L001_R1_001.fastp.fastq.gz,363148380_R1,Read Count,231,0.004044174
0363148380_S249_L001_R2_001.fastp.fastq.gz,363148380_R1,Read Count,231,0.004044174
0363148381_S158_L001_R1_001.fastp.fastq.gz,363148381_R1,Read Count,3598,0.062991078
0363148381_S158_L001_R2_001.fastp.fastq.gz,363148381_R1,Read Count,3598,0.062991078
0363148382_S280_L001_R1_001.fastp.fastq.gz,363148382_R1,Read Count,8445,0.147848709
0363148382_S280_L001_R2_001.fastp.fastq.gz,363148382_R1,Read Count,8445,0.147848709
0363148383_S202_L001_R1_001.fastp.fastq.gz,363148383_R1,Read Count,9348,0.163657754
0363148383_S202_L001_R2_001.fastp.fastq.gz,363148383_R1,Read Count,9348,0.163657754
0363148384_S227_L001_R1_001.fastp.fastq.gz,363148384_R1,Read Count,4934,0.086380762
0363148384_S227_L001_R2_001.fastp.fastq.gz,363148384_R1,Read Count,4934,0.086380762
0363148385_S278_L001_R1_001.fastp.fastq.gz,363148385_R1,Read Count,11672,0.204344599
0363148385_S278_L001_R2_001.fastp.fastq.gz,363148385_R1,Read Count,11672,0.204344599
0363148386_S233_L001_R1_001.fastp.fastq.gz,363148386_R1,Read Count,9233,0.161644421
0363148386_S233_L001_R2_001.fastp.fastq.gz,363148386_R1,Read Count,9233,0.161644421
0363148387_S234_L001_R1_001.fastp.fastq.gz,363148387_R1,Read Count,9791,0.171413465
0363148387_S234_L001_R2_001.fastp.fastq.gz,363148387_R1,Read Count,9791,0.171413465
0363148388_S205_L001_R1_001.fastp.fastq.gz,363148388_R1,Read Count,5392,0.094399081
0363148388_S205_L001_R2_001.fastp.fastq.gz,363148388_R1,Read Count,5392,0.094399081
0363148390_S192_L001_R1_001.fastp.fastq.gz,363148390_R1,Read Count,8683,0.152015434
0363148390_S192_L001_R2_001.fastp.fastq.gz,363148390_R1,Read Count,8683,0.152015434
0363148391_S128_L001_R1_001.fastp.fastq.gz,363148391_R1,Read Count,8453,0.147988767
0363148391_S128_L001_R2_001.fastp.fastq.gz,363148391_R1,Read Count,8453,0.147988767
0363148392_S232_L001_R1_001.fastp.fastq.gz,363148392_R1,Read Count,8741,0.153030855
0363148392_S232_L001_R2_001.fastp.fastq.gz,363148392_R1,Read Count,8741,0.153030855
0363148393_S193_L001_R1_001.fastp.fastq.gz,363148393_R1,Read Count,9574,0.167614392
0363148393_S193_L001_R2_001.fastp.fastq.gz,363148393_R1,Read Count,9574,0.167614392
0363148394_S259_L001_R1_001.fastp.fastq.gz,363148394_R1,Read Count,9536,0.166949117
0363148394_S259_L001_R2_001.fastp.fastq.gz,363148394_R1,Read Count,9536,0.166949117
0363148395_S229_L001_R1_001.fastp.fastq.gz,363148395_R1,Read Count,7566,0.132459838
0363148395_S229_L001_R2_001.fastp.fastq.gz,363148395_R1,Read Count,7566,0.132459838
0363148396_S270_L001_R1_001.fastp.fastq.gz,363148396_R1,Read Count,8082,0.141493578
0363148396_S270_L001_R2_001.fastp.fastq.gz,363148396_R1,Read Count,8082,0.141493578
0363148397_S175_L001_R1_001.fastp.fastq.gz,363148397_R1,Read Count,3272,0.057283715
0363148397_S175_L001_R2_001.fastp.fastq.gz,363148397_R1,Read Count,3272,0.057283715
0363148399_S364_L001_R1_001.fastp.fastq.gz,363148399_R1,Read Count,5344,0.093558733
0363148399_S364_L001_R2_001.fastp.fastq.gz,363148399_R1,Read Count,5344,0.093558733
0363148400_S239_L001_R1_001.fastp.fastq.gz,363148400_R1,Read Count,7666,0.134210563
0363148400_S239_L001_R2_001.fastp.fastq.gz,363148400_R1,Read Count,7666,0.134210563
0363148401_S279_L001_R1_001.fastp.fastq.gz,363148401_R1,Read Count,8847,0.154886623
0363148401_S279_L001_R2_001.fastp.fastq.gz,363148401_R1,Read Count,8847,0.154886623
0363148402_S236_L001_R1_001.fastp.fastq.gz,363148402_R1,Read Count,11159,0.19536338
0363148402_S236_L001_R2_001.fastp.fastq.gz,363148402_R1,Read Count,11159,0.19536338
0363148403_S264_L001_R1_001.fastp.fastq.gz,363148403_R1,Read Count,8354,0.14625555
0363148403_S264_L001_R2_001.fastp.fastq.gz,363148403_R1,Read Count,8354,0.14625555
0363148404_S200_L001_R1_001.fastp.fastq.gz,363148404_R1,Read Count,8404,0.147130912
0363148404_S200_L001_R2_001.fastp.fastq.gz,363148404_R1,Read Count,8404,0.147130912
0363148405_S120_L001_R1_001.fastp.fastq.gz,363148405_R1,Read Count,9256,0.162047087
0363148405_S120_L001_R2_001.fastp.fastq.gz,363148405_R1,Read Count,9256,0.162047087
0363148406_S115_L001_R1_001.fastp.fastq.gz,363148406_R1,Read Count,7782,0.136241404
0363148406_S115_L001_R2_001.fastp.fastq.gz,363148406_R1,Read Count,7782,0.136241404
0363148407_S269_L001_R1_001.fastp.fastq.gz,363148407_R1,Read Count,9947,0.174144596
0363148407_S269_L001_R2_001.fastp.fastq.gz,363148407_R1,Read Count,9947,0.174144596
0363148408_S283_L001_R1_001.fastp.fastq.gz,363148408_R1,Read Count,14070,0.246326979
0363148408_S283_L001_R2_001.fastp.fastq.gz,363148408_R1,Read Count,14070,0.246326979
0363148409_S190_L001_R1_001.fastp.fastq.gz,363148409_R1,Read Count,7120,0.124651606
0363148409_S190_L001_R2_001.fastp.fastq.gz,363148409_R1,Read Count,7120,0.124651606
0363148410_S226_L001_R1_001.fastp.fastq.gz,363148410_R1,Read Count,8905,0.155902043
0363148410_S226_L001_R2_001.fastp.fastq.gz,363148410_R1,Read Count,8905,0.155902043
0363148411_S272_L001_R1_001.fastp.fastq.gz,363148411_R1,Read Count,8500,0.148811608
0363148411_S272_L001_R2_001.fastp.fastq.gz,363148411_R1,Read Count,8500,0.148811608
0363148412_S197_L001_R1_001.fastp.fastq.gz,363148412_R1,Read Count,9068,0.158755725
0363148412_S197_L001_R2_001.fastp.fastq.gz,363148412_R1,Read Count,9068,0.158755725
0363148413_S150_L001_R1_001.fastp.fastq.gz,363148413_R1,Read Count,5317,0.093086038
0363148413_S150_L001_R2_001.fastp.fastq.gz,363148413_R1,Read Count,5317,0.093086038
0363148414_S114_L001_R1_001.fastp.fastq.gz,363148414_R1,Read Count,9161,0.160383899
0363148414_S114_L001_R2_001.fastp.fastq.gz,363148414_R1,Read Count,9161,0.160383899
0363148415_S263_L001_R1_001.fastp.fastq.gz,363148415_R1,Read Count,8473,0.148338912
0363148415_S263_L001_R2_001.fastp.fastq.gz,363148415_R1,Read Count,8473,0.148338912
0363148417_S258_L001_R1_001.fastp.fastq.gz,363148417_R1,Read Count,11736,0.205465063
0363148417_S258_L001_R2_001.fastp.fastq.gz,363148417_R1,Read Count,11736,0.205465063
0363148418_S170_L001_R1_001.fastp.fastq.gz,363148418_R1,Read Count,9057,0.158563145
0363148418_S170_L001_R2_001.fastp.fastq.gz,363148418_R1,Read Count,9057,0.158563145
0363148419_S276_L001_R1_001.fastp.fastq.gz,363148419_R1,Read Count,11072,0.19384025
0363148419_S276_L001_R2_001.fastp.fastq.gz,363148419_R1,Read Count,11072,0.19384025
0363148420_S221_L001_R1_001.fastp.fastq.gz,363148420_R1,Read Count,4133,0.072357456
0363148420_S221_L001_R2_001.fastp.fastq.gz,363148420_R1,Read Count,4133,0.072357456
0363148421_S281_L001_R1_001.fastp.fastq.gz,363148421_R1,Read Count,5660,0.099091024
0363148421_S281_L001_R2_001.fastp.fastq.gz,363148421_R1,Read Count,5660,0.099091024
0363148424_S206_L001_R1_001.fastp.fastq.gz,363148424_R1,Read Count,9073,0.158843261
0363148424_S206_L001_R2_001.fastp.fastq.gz,363148424_R1,Read Count,9073,0.158843261
0363148425_S240_L001_R1_001.fastp.fastq.gz,363148425_R1,Read Count,9096,0.159245928
0363148425_S240_L001_R2_001.fastp.fastq.gz,363148425_R1,Read Count,9096,0.159245928
0363148426_S252_L001_R1_001.fastp.fastq.gz,363148426_R1,Read Count,2581,0.045186207
0363148426_S252_L001_R2_001.fastp.fastq.gz,363148426_R1,Read Count,2581,0.045186207
0363148427_S254_L001_R1_001.fastp.fastq.gz,363148427_R1,Read Count,8412,0.14727097
0363148427_S254_L001_R2_001.fastp.fastq.gz,363148427_R1,Read Count,8412,0.14727097
0363148428_S201_L001_R1_001.fastp.fastq.gz,363148428_R1,Read Count,9133,0.159893696
0363148428_S201_L001_R2_001.fastp.fastq.gz,363148428_R1,Read Count,9133,0.159893696
0363148429_S209_L001_R1_001.fastp.fastq.gz,363148429_R1,Read Count,971,0.016999538
0363148429_S209_L001_R2_001.fastp.fastq.gz,363148429_R1,Read Count,971,0.016999538
0363148430_S122_L001_R1_001.fastp.fastq.gz,363148430_R1,Read Count,8535,0.149424362
0363148430_S122_L001_R2_001.fastp.fastq.gz,363148430_R1,Read Count,8535,0.149424362
0363148431_S355_L001_R1_001.fastp.fastq.gz,363148431_R1,Read Count,6540,0.114497402
0363148431_S355_L001_R2_001.fastp.fastq.gz,363148431_R1,Read Count,6540,0.114497402
0363148432_S275_L001_R1_001.fastp.fastq.gz,363148432_R1,Read Count,9079,0.158948305
0363148432_S275_L001_R2_001.fastp.fastq.gz,363148432_R1,Read Count,9079,0.158948305
0363148433_S357_L001_R1_001.fastp.fastq.gz,363148433_R1,Read Count,3603,0.063078615
0363148433_S357_L001_R2_001.fastp.fastq.gz,363148433_R1,Read Count,3603,0.063078615
0363148434_S211_L001_R1_001.fastp.fastq.gz,363148434_R1,Read Count,8466,0.148216362
0363148434_S211_L001_R2_001.fastp.fastq.gz,363148434_R1,Read Count,8466,0.148216362
0363148435_S231_L001_R1_001.fastp.fastq.gz,363148435_R1,Read Count,8576,0.150142159
0363148435_S231_L001_R2_001.fastp.fastq.gz,363148435_R1,Read Count,8576,0.150142159
0363148436_S235_L001_R1_001.fastp.fastq.gz,363148436_R1,Read Count,13375,0.234159442
0363148436_S235_L001_R2_001.fastp.fastq.gz,363148436_R1,Read Count,13375,0.234159442
0363148437_S366_L001_R1_001.fastp.fastq.gz,363148437_R1,Read Count,8495,0.148724072
0363148437_S366_L001_R2_001.fastp.fastq.gz,363148437_R1,Read Count,8495,0.148724072
0363148438_S237_L001_R1_001.fastp.fastq.gz,363148438_R1,Read Count,6591,0.115390272
0363148438_S237_L001_R2_001.fastp.fastq.gz,363148438_R1,Read Count,6591,0.115390272
0363148440_S195_L001_R1_001.fastp.fastq.gz,363148440_R1,Read Count,9297,0.162764885
0363148440_S195_L001_R2_001.fastp.fastq.gz,363148440_R1,Read Count,9297,0.162764885
0363148441_S121_L001_R1_001.fastp.fastq.gz,363148441_R1,Read Count,9127,0.159788653
0363148441_S121_L001_R2_001.fastp.fastq.gz,363148441_R1,Read Count,9127,0.159788653
0363148442_S251_L001_R1_001.fastp.fastq.gz,363148442_R1,Read Count,94,0.001645681
0363148442_S251_L001_R2_001.fastp.fastq.gz,363148442_R1,Read Count,94,0.001645681
0363148443_S210_L001_R1_001.fastp.fastq.gz,363148443_R1,Read Count,8554,0.149756999
0363148443_S210_L001_R2_001.fastp.fastq.gz,363148443_R1,Read Count,8554,0.149756999
0363148444_S218_L001_R1_001.fastp.fastq.gz,363148444_R1,Read Count,9006,0.157670275
0363148444_S218_L001_R2_001.fastp.fastq.gz,363148444_R1,Read Count,9006,0.157670275
0363148445_S112_L001_R1_001.fastp.fastq.gz,363148445_R1,Read Count,8142,0.142544013
0363148445_S112_L001_R2_001.fastp.fastq.gz,363148445_R1,Read Count,8142,0.142544013
0363148446_S344_L001_R1_001.fastp.fastq.gz,363148446_R1,Read Count,8529,0.149319318
0363148446_S344_L001_R2_001.fastp.fastq.gz,363148446_R1,Read Count,8529,0.149319318
0363148447_S107_L001_R1_001.fastp.fastq.gz,363148447_R1,Read Count,8197,0.143506912
0363148447_S107_L001_R2_001.fastp.fastq.gz,363148447_R1,Read Count,8197,0.143506912
0363148448_S257_L001_R1_001.fastp.fastq.gz,363148448_R1,Read Count,7360,0.128853345
0363148448_S257_L001_R2_001.fastp.fastq.gz,363148448_R1,Read Count,7360,0.128853345
0363148449_S262_L001_R1_001.fastp.fastq.gz,363148449_R1,Read Count,14153,0.247780081
0363148449_S262_L001_R2_001.fastp.fastq.gz,363148449_R1,Read Count,14153,0.247780081
0363148450_S359_L001_R1_001.fastp.fastq.gz,363148450_R1,Read Count,8289,0.145117579
0363148450_S359_L001_R2_001.fastp.fastq.gz,363148450_R1,Read Count,8289,0.145117579
0363148451_S261_L001_R1_001.fastp.fastq.gz,363148451_R1,Read Count,8711,0.152505637
0363148451_S261_L001_R2_001.fastp.fastq.gz,363148451_R1,Read Count,8711,0.152505637
0363148452_S238_L001_R1_001.fastp.fastq.gz,363148452_R1,Read Count,9326,0.163272595
0363148452_S238_L001_R2_001.fastp.fastq.gz,363148452_R1,Read Count,9326,0.163272595
0363148453_S110_L001_R1_001.fastp.fastq.gz,363148453_R1,Read Count,7890,0.138132187
0363148453_S110_L001_R2_001.fastp.fastq.gz,363148453_R1,Read Count,7890,0.138132187
0363148454_S271_L001_R1_001.fastp.fastq.gz,363148454_R1,Read Count,8161,0.142876651
0363148454_S271_L001_R2_001.fastp.fastq.gz,363148454_R1,Read Count,8161,0.142876651
0363192129_S65_L001_R1_001.fastp.fastq.gz,363192129_R1,Read Count,4170,0.073005224
0363192129_S65_L001_R2_001.fastp.fastq.gz,363192129_R1,Read Count,4170,0.073005224
0363192130_S4_L001_R1_001.fastp.fastq.gz,363192130_R1,Read Count,8800,0.154063782
0363192130_S4_L001_R2_001.fastp.fastq.gz,363192130_R1,Read Count,8800,0.154063782
0363192131_S59_L001_R1_001.fastp.fastq.gz,363192131_R1,Read Count,17610,0.308302637
0363192131_S59_L001_R2_001.fastp.fastq.gz,363192131_R1,Read Count,17610,0.308302637
0363192132_S66_L001_R1_001.fastp.fastq.gz,363192132_R1,Read Count,8221,0.143927086
0363192132_S66_L001_R2_001.fastp.fastq.gz,363192132_R1,Read Count,8221,0.143927086
0363192133_S71_L001_R1_001.fastp.fastq.gz,363192133_R1,Read Count,8786,0.153818681
0363192133_S71_L001_R2_001.fastp.fastq.gz,363192133_R1,Read Count,8786,0.153818681
0363235660_S381_L001_R1_001.fastp.fastq.gz,363235660_R1,Read Count,10795,0.188990742
0363235660_S381_L001_R2_001.fastp.fastq.gz,363235660_R1,Read Count,10795,0.188990742
0363235668_S383_L001_R1_001.fastp.fastq.gz,363235668_R1,Read Count,8483,0.148513985
0363235668_S383_L001_R2_001.fastp.fastq.gz,363235668_R1,Read Count,8483,0.148513985
0363235671_S384_L001_R1_001.fastp.fastq.gz,363235671_R1,Read Count,9008,0.15770529
0363235671_S384_L001_R2_001.fastp.fastq.gz,363235671_R1,Read Count,9008,0.15770529
0363235674_S373_L001_R1_001.fastp.fastq.gz,363235674_R1,Read Count,10089,0.176630625
0363235674_S373_L001_R2_001.fastp.fastq.gz,363235674_R1,Read Count,10089,0.176630625
0363235685_S376_L001_R1_001.fastp.fastq.gz,363235685_R1,Read Count,7959,0.139340187
0363235685_S376_L001_R2_001.fastp.fastq.gz,363235685_R1,Read Count,7959,0.139340187
0363235689_S369_L001_R1_001.fastp.fastq.gz,363235689_R1,Read Count,10116,0.177103321
0363235689_S369_L001_R2_001.fastp.fastq.gz,363235689_R1,Read Count,10116,0.177103321
0363235697_S378_L001_R1_001.fastp.fastq.gz,363235697_R1,Read Count,8096,0.14173868
0363235697_S378_L001_R2_001.fastp.fastq.gz,363235697_R1,Read Count,8096,0.14173868
0363236772_S198_L001_R1_001.fastp.fastq.gz,363236772_R1,Read Count,8045,0.14084581
0363236772_S198_L001_R2_001.fastp.fastq.gz,363236772_R1,Read Count,8045,0.14084581
0363236773_S223_L001_R1_001.fastp.fastq.gz,363236773_R1,Read Count,8733,0.152890797
0363236773_S223_L001_R2_001.fastp.fastq.gz,363236773_R1,Read Count,8733,0.152890797
0363236774_S194_L001_R1_001.fastp.fastq.gz,363236774_R1,Read Count,8962,0.156899957
0363236774_S194_L001_R2_001.fastp.fastq.gz,363236774_R1,Read Count,8962,0.156899957
0363236775_S181_L001_R1_001.fastp.fastq.gz,363236775_R1,Read Count,12917,0.226141122
0363236775_S181_L001_R2_001.fastp.fastq.gz,363236775_R1,Read Count,12917,0.226141122
0363236780_S207_L001_R1_001.fastp.fastq.gz,363236780_R1,Read Count,5844,0.102312357
0363236780_S207_L001_R2_001.fastp.fastq.gz,363236780_R1,Read Count,5844,0.102312357
0363236781_S199_L001_R1_001.fastp.fastq.gz,363236781_R1,Read Count,8960,0.156864942
0363236781_S199_L001_R2_001.fastp.fastq.gz,363236781_R1,Read Count,8960,0.156864942
0363236782_S152_L001_R1_001.fastp.fastq.gz,363236782_R1,Read Count,6984,0.12227062
0363236782_S152_L001_R2_001.fastp.fastq.gz,363236782_R1,Read Count,6984,0.12227062
0363236783_S219_L001_R1_001.fastp.fastq.gz,363236783_R1,Read Count,8328,0.145800361
0363236783_S219_L001_R2_001.fastp.fastq.gz,363236783_R1,Read Count,8328,0.145800361
0363236784_S135_L001_R1_001.fastp.fastq.gz,363236784_R1,Read Count,8279,0.144942506
0363236784_S135_L001_R2_001.fastp.fastq.gz,363236784_R1,Read Count,8279,0.144942506
0363236788_S274_L001_R1_001.fastp.fastq.gz,363236788_R1,Read Count,9314,0.163062508
0363236788_S274_L001_R2_001.fastp.fastq.gz,363236788_R1,Read Count,9314,0.163062508
0363236789_S284_L001_R1_001.fastp.fastq.gz,363236789_R1,Read Count,11119,0.194663091
0363236789_S284_L001_R2_001.fastp.fastq.gz,363236789_R1,Read Count,11119,0.194663091
0363236790_S285_L001_R1_001.fastp.fastq.gz,363236790_R1,Read Count,9198,0.161031667
0363236790_S285_L001_R2_001.fastp.fastq.gz,363236790_R1,Read Count,9198,0.161031667
0363236791_S168_L001_R1_001.fastp.fastq.gz,363236791_R1,Read Count,9713,0.1700479
0363236791_S168_L001_R2_001.fastp.fastq.gz,363236791_R1,Read Count,9713,0.1700479
0363236792_S225_L001_R1_001.fastp.fastq.gz,363236792_R1,Read Count,9601,0.168087088
0363236792_S225_L001_R2_001.fastp.fastq.gz,363236792_R1,Read Count,9601,0.168087088
0363236794_S214_L001_R1_001.fastp.fastq.gz,363236794_R1,Read Count,9111,0.159508537
0363236794_S214_L001_R2_001.fastp.fastq.gz,363236794_R1,Read Count,9111,0.159508537
0363236797_S256_L001_R1_001.fastp.fastq.gz,363236797_R1,Read Count,7140,0.125001751
0363236797_S256_L001_R2_001.fastp.fastq.gz,363236797_R1,Read Count,7140,0.125001751
0363236798_S111_L001_R1_001.fastp.fastq.gz,363236798_R1,Read Count,8405,0.147148419
0363236798_S111_L001_R2_001.fastp.fastq.gz,363236798_R1,Read Count,8405,0.147148419
0363236799_S230_L001_R1_001.fastp.fastq.gz,363236799_R1,Read Count,9465,0.165706102
0363236799_S230_L001_R2_001.fastp.fastq.gz,363236799_R1,Read Count,9465,0.165706102
0363236802_S132_L001_R1_001.fastp.fastq.gz,363236802_R1,Read Count,12017,0.210384599
0363236802_S132_L001_R2_001.fastp.fastq.gz,363236802_R1,Read Count,12017,0.210384599
0363236805_S358_L001_R1_001.fastp.fastq.gz,363236805_R1,Read Count,12704,0.222412079
0363236805_S358_L001_R2_001.fastp.fastq.gz,363236805_R1,Read Count,12704,0.222412079
0363236806_S224_L001_R1_001.fastp.fastq.gz,363236806_R1,Read Count,9141,0.160033754
0363236806_S224_L001_R2_001.fastp.fastq.gz,363236806_R1,Read Count,9141,0.160033754
0363236807_S342_L001_R1_001.fastp.fastq.gz,363236807_R1,Read Count,8734,0.152908304
0363236807_S342_L001_R2_001.fastp.fastq.gz,363236807_R1,Read Count,8734,0.152908304
0363236808_S187_L001_R1_001.fastp.fastq.gz,363236808_R1,Read Count,6911,0.120992591
0363236808_S187_L001_R2_001.fastp.fastq.gz,363236808_R1,Read Count,6911,0.120992591
0363236813_S288_L001_R1_001.fastp.fastq.gz,363236813_R1,Read Count,8714,0.152558159
0363236813_S288_L001_R2_001.fastp.fastq.gz,363236813_R1,Read Count,8714,0.152558159
0363236814_S203_L001_R1_001.fastp.fastq.gz,363236814_R1,Read Count,6800,0.119049286
0363236814_S203_L001_R2_001.fastp.fastq.gz,363236814_R1,Read Count,6800,0.119049286
0363236815_S179_L001_R1_001.fastp.fastq.gz,363236815_R1,Read Count,10083,0.176525582
0363236815_S179_L001_R2_001.fastp.fastq.gz,363236815_R1,Read Count,10083,0.176525582
0363236817_S287_L001_R1_001.fastp.fastq.gz,363236817_R1,Read Count,8190,0.143384361
0363236817_S287_L001_R2_001.fastp.fastq.gz,363236817_R1,Read Count,8190,0.143384361
0363236818_S356_L001_R1_001.fastp.fastq.gz,363236818_R1,Read Count,3218,0.056338324
0363236818_S356_L001_R2_001.fastp.fastq.gz,363236818_R1,Read Count,3218,0.056338324
0363236821_S204_L001_R1_001.fastp.fastq.gz,363236821_R1,Read Count,8318,0.145625289
0363236821_S204_L001_R2_001.fastp.fastq.gz,363236821_R1,Read Count,8318,0.145625289
0363236822_S286_L001_R1_001.fastp.fastq.gz,363236822_R1,Read Count,9339,0.163500189
0363236822_S286_L001_R2_001.fastp.fastq.gz,363236822_R1,Read Count,9339,0.163500189
0363236823_S171_L001_R1_001.fastp.fastq.gz,363236823_R1,Read Count,13143,0.23009776
0363236823_S171_L001_R2_001.fastp.fastq.gz,363236823_R1,Read Count,13143,0.23009776
0363236824_S116_L001_R1_001.fastp.fastq.gz,363236824_R1,Read Count,5902,0.103327778
0363236824_S116_L001_R2_001.fastp.fastq.gz,363236824_R1,Read Count,5902,0.103327778
0363236825_S250_L001_R1_001.fastp.fastq.gz,363236825_R1,Read Count,1379,0.024142495
0363236825_S250_L001_R2_001.fastp.fastq.gz,363236825_R1,Read Count,1379,0.024142495
0363236829_S215_L001_R1_001.fastp.fastq.gz,363236829_R1,Read Count,8109,0.141966274
0363236829_S215_L001_R2_001.fastp.fastq.gz,363236829_R1,Read Count,8109,0.141966274
0363236830_S273_L001_R1_001.fastp.fastq.gz,363236830_R1,Read Count,9803,0.171623552
0363236830_S273_L001_R2_001.fastp.fastq.gz,363236830_R1,Read Count,9803,0.171623552
0363236832_S365_L001_R1_001.fastp.fastq.gz,363236832_R1,Read Count,13387,0.234369529
0363236832_S365_L001_R2_001.fastp.fastq.gz,363236832_R1,Read Count,13387,0.234369529
0363236834_S133_L001_R1_001.fastp.fastq.gz,363236834_R1,Read Count,2734,0.047864816
0363236834_S133_L001_R2_001.fastp.fastq.gz,363236834_R1,Read Count,2734,0.047864816
0363236837_S216_L001_R1_001.fastp.fastq.gz,363236837_R1,Read Count,8405,0.147148419
0363236837_S216_L001_R2_001.fastp.fastq.gz,363236837_R1,Read Count,8405,0.147148419
0363236838_S228_L001_R1_001.fastp.fastq.gz,363236838_R1,Read Count,15883,0.27806762
0363236838_S228_L001_R2_001.fastp.fastq.gz,363236838_R1,Read Count,15883,0.27806762
0363236839_S109_L001_R1_001.fastp.fastq.gz,363236839_R1,Read Count,8434,0.14765613
0363236839_S109_L001_R2_001.fastp.fastq.gz,363236839_R1,Read Count,8434,0.14765613
0363236840_S102_L001_R1_001.fastp.fastq.gz,363236840_R1,Read Count,7557,0.132302273
0363236840_S102_L001_R2_001.fastp.fastq.gz,363236840_R1,Read Count,7557,0.132302273
0363236842_S184_L001_R1_001.fastp.fastq.gz,363236842_R1,Read Count,9572,0.167579378
0363236842_S184_L001_R2_001.fastp.fastq.gz,363236842_R1,Read Count,9572,0.167579378
0363236846_S164_L001_R1_001.fastp.fastq.gz,363236846_R1,Read Count,7181,0.125719548
0363236846_S164_L001_R2_001.fastp.fastq.gz,363236846_R1,Read Count,7181,0.125719548
0363236847_S123_L001_R1_001.fastp.fastq.gz,363236847_R1,Read Count,3344,0.058544237
0363236847_S123_L001_R2_001.fastp.fastq.gz,363236847_R1,Read Count,3344,0.058544237
0363236848_S145_L001_R1_001.fastp.fastq.gz,363236848_R1,Read Count,20,0.000350145
0363236848_S145_L001_R2_001.fastp.fastq.gz,363236848_R1,Read Count,20,0.000350145
0363236850_S282_L001_R1_001.fastp.fastq.gz,363236850_R1,Read Count,11706,0.204939845
0363236850_S282_L001_R2_001.fastp.fastq.gz,363236850_R1,Read Count,11706,0.204939845
0363236854_S266_L001_R1_001.fastp.fastq.gz,363236854_R1,Read Count,7689,0.13461323
0363236854_S266_L001_R2_001.fastp.fastq.gz,363236854_R1,Read Count,7689,0.13461323
0363236855_S148_L001_R1_001.fastp.fastq.gz,363236855_R1,Read Count,10544,0.184596423
0363236855_S148_L001_R2_001.fastp.fastq.gz,363236855_R1,Read Count,10544,0.184596423
0363236856_S368_L001_R1_001.fastp.fastq.gz,363236856_R1,Read Count,8433,0.147638622
0363236856_S368_L001_R2_001.fastp.fastq.gz,363236856_R1,Read Count,8433,0.147638622
0363236857_S163_L001_R1_001.fastp.fastq.gz,363236857_R1,Read Count,11302,0.197866917
0363236857_S163_L001_R2_001.fastp.fastq.gz,363236857_R1,Read Count,11302,0.197866917
0363236862_S241_L001_R1_001.fastp.fastq.gz,363236862_R1,Read Count,2146,0.037570554
0363236862_S241_L001_R2_001.fastp.fastq.gz,363236862_R1,Read Count,2146,0.037570554
0363236863_S162_L001_R1_001.fastp.fastq.gz,363236863_R1,Read Count,10561,0.184894046
0363236863_S162_L001_R2_001.fastp.fastq.gz,363236863_R1,Read Count,10561,0.184894046
0363236864_S277_L001_R1_001.fastp.fastq.gz,363236864_R1,Read Count,11317,0.198129526
0363236864_S277_L001_R2_001.fastp.fastq.gz,363236864_R1,Read Count,11317,0.198129526
0363236865_S300_L001_R1_001.fastp.fastq.gz,363236865_R1,Read Count,9178,0.160681522
0363236865_S300_L001_R2_001.fastp.fastq.gz,363236865_R1,Read Count,9178,0.160681522
0363237168_S316_L001_R1_001.fastp.fastq.gz,363237168_R1,Read Count,8434,0.14765613
0363237168_S316_L001_R2_001.fastp.fastq.gz,363237168_R1,Read Count,8434,0.14765613
0363237185_S310_L001_R1_001.fastp.fastq.gz,363237185_R1,Read Count,9563,0.167421813
0363237185_S310_L001_R2_001.fastp.fastq.gz,363237185_R1,Read Count,9563,0.167421813
0363237198_S320_L001_R1_001.fastp.fastq.gz,363237198_R1,Read Count,8284,0.145030042
0363237198_S320_L001_R2_001.fastp.fastq.gz,363237198_R1,Read Count,8284,0.145030042
0363237215_S308_L001_R1_001.fastp.fastq.gz,363237215_R1,Read Count,8597,0.150509811
0363237215_S308_L001_R2_001.fastp.fastq.gz,363237215_R1,Read Count,8597,0.150509811
0363237240_S311_L001_R1_001.fastp.fastq.gz,363237240_R1,Read Count,9312,0.163027493
0363237240_S311_L001_R2_001.fastp.fastq.gz,363237240_R1,Read Count,9312,0.163027493
0363237241_S315_L001_R1_001.fastp.fastq.gz,363237241_R1,Read Count,8889,0.155621927
0363237241_S315_L001_R2_001.fastp.fastq.gz,363237241_R1,Read Count,8889,0.155621927
0363237248_S309_L001_R1_001.fastp.fastq.gz,363237248_R1,Read Count,7969,0.139515259
0363237248_S309_L001_R2_001.fastp.fastq.gz,363237248_R1,Read Count,7969,0.139515259
0363237250_S312_L001_R1_001.fastp.fastq.gz,363237250_R1,Read Count,1504,0.026330901
0363237250_S312_L001_R2_001.fastp.fastq.gz,363237250_R1,Read Count,1504,0.026330901
0363237255_S375_L001_R1_001.fastp.fastq.gz,363237255_R1,Read Count,7591,0.13289752
0363237255_S375_L001_R2_001.fastp.fastq.gz,363237255_R1,Read Count,7591,0.13289752
0363237337_S377_L001_R1_001.fastp.fastq.gz,363237337_R1,Read Count,8001,0.140075491
0363237337_S377_L001_R2_001.fastp.fastq.gz,363237337_R1,Read Count,8001,0.140075491
0363237338_S374_L001_R1_001.fastp.fastq.gz,363237338_R1,Read Count,10907,0.190951554
0363237338_S374_L001_R2_001.fastp.fastq.gz,363237338_R1,Read Count,10907,0.190951554
0363237541_S159_L001_R1_001.fastp.fastq.gz,363237541_R1,Read Count,6517,0.114094735
0363237541_S159_L001_R2_001.fastp.fastq.gz,363237541_R1,Read Count,6517,0.114094735
0363237545_S189_L001_R1_001.fastp.fastq.gz,363237545_R1,Read Count,9895,0.173234219
0363237545_S189_L001_R2_001.fastp.fastq.gz,363237545_R1,Read Count,9895,0.173234219
0363237548_S105_L001_R1_001.fastp.fastq.gz,363237548_R1,Read Count,9201,0.161084189
0363237548_S105_L001_R2_001.fastp.fastq.gz,363237548_R1,Read Count,9201,0.161084189
0363237549_S126_L001_R1_001.fastp.fastq.gz,363237549_R1,Read Count,3466,0.060680122
0363237549_S126_L001_R2_001.fastp.fastq.gz,363237549_R1,Read Count,3466,0.060680122
0363237555_S153_L001_R1_001.fastp.fastq.gz,363237555_R1,Read Count,1431,0.025052872
0363237555_S153_L001_R2_001.fastp.fastq.gz,363237555_R1,Read Count,1431,0.025052872
0363237556_S183_L001_R1_001.fastp.fastq.gz,363237556_R1,Read Count,7949,0.139165114
0363237556_S183_L001_R2_001.fastp.fastq.gz,363237556_R1,Read Count,7949,0.139165114
0363237557_S125_L001_R1_001.fastp.fastq.gz,363237557_R1,Read Count,4808,0.084174848
0363237557_S125_L001_R2_001.fastp.fastq.gz,363237557_R1,Read Count,4808,0.084174848
0363237558_S127_L001_R1_001.fastp.fastq.gz,363237558_R1,Read Count,3910,0.06845334
0363237558_S127_L001_R2_001.fastp.fastq.gz,363237558_R1,Read Count,3910,0.06845334
0363237563_S180_L001_R1_001.fastp.fastq.gz,363237563_R1,Read Count,13307,0.232968949
0363237563_S180_L001_R2_001.fastp.fastq.gz,363237563_R1,Read Count,13307,0.232968949
0363237564_S118_L001_R1_001.fastp.fastq.gz,363237564_R1,Read Count,8093,0.141686158
0363237564_S118_L001_R2_001.fastp.fastq.gz,363237564_R1,Read Count,8093,0.141686158
0363237565_S124_L001_R1_001.fastp.fastq.gz,363237565_R1,Read Count,9373,0.164095436
0363237565_S124_L001_R2_001.fastp.fastq.gz,363237565_R1,Read Count,9373,0.164095436
0363237566_S130_L001_R1_001.fastp.fastq.gz,363237566_R1,Read Count,9292,0.162677348
0363237566_S130_L001_R2_001.fastp.fastq.gz,363237566_R1,Read Count,9292,0.162677348
0363237568_S380_L001_R1_001.fastp.fastq.gz,363237568_R1,Read Count,9905,0.173409291
0363237568_S380_L001_R2_001.fastp.fastq.gz,363237568_R1,Read Count,9905,0.173409291
0363237571_S160_L001_R1_001.fastp.fastq.gz,363237571_R1,Read Count,16517,0.289167215
0363237571_S160_L001_R2_001.fastp.fastq.gz,363237571_R1,Read Count,16517,0.289167215
0363237572_S176_L001_R1_001.fastp.fastq.gz,363237572_R1,Read Count,12771,0.223585064
0363237572_S176_L001_R2_001.fastp.fastq.gz,363237572_R1,Read Count,12771,0.223585064
0363237574_S161_L001_R1_001.fastp.fastq.gz,363237574_R1,Read Count,8657,0.151560246
0363237574_S161_L001_R2_001.fastp.fastq.gz,363237574_R1,Read Count,8657,0.151560246
0363237579_S174_L001_R1_001.fastp.fastq.gz,363237579_R1,Read Count,5046,0.088341573
0363237579_S174_L001_R2_001.fastp.fastq.gz,363237579_R1,Read Count,5046,0.088341573
0363237580_S343_L001_R1_001.fastp.fastq.gz,363237580_R1,Read Count,4890,0.085610443
0363237580_S343_L001_R2_001.fastp.fastq.gz,363237580_R1,Read Count,4890,0.085610443
0363237581_S156_L001_R1_001.fastp.fastq.gz,363237581_R1,Read Count,10886,0.190583902
0363237581_S156_L001_R2_001.fastp.fastq.gz,363237581_R1,Read Count,10886,0.190583902
0363237582_S370_L001_R1_001.fastp.fastq.gz,363237582_R1,Read Count,13088,0.229134862
0363237582_S370_L001_R2_001.fastp.fastq.gz,363237582_R1,Read Count,13088,0.229134862
0363237585_S165_L001_R1_001.fastp.fastq.gz,363237585_R1,Read Count,4154,0.072725108
0363237585_S165_L001_R2_001.fastp.fastq.gz,363237585_R1,Read Count,4154,0.072725108
0363237586_S146_L001_R1_001.fastp.fastq.gz,363237586_R1,Read Count,109,0.00190829
0363237586_S146_L001_R2_001.fastp.fastq.gz,363237586_R1,Read Count,109,0.00190829
0363237587_S173_L001_R1_001.fastp.fastq.gz,363237587_R1,Read Count,9145,0.160103783
0363237587_S173_L001_R2_001.fastp.fastq.gz,363237587_R1,Read Count,9145,0.160103783
0363237588_S119_L001_R1_001.fastp.fastq.gz,363237588_R1,Read Count,8836,0.154694043
0363237588_S119_L001_R2_001.fastp.fastq.gz,363237588_R1,Read Count,8836,0.154694043
0363237589_S167_L001_R1_001.fastp.fastq.gz,363237589_R1,Read Count,8482,0.148496478
0363237589_S167_L001_R2_001.fastp.fastq.gz,363237589_R1,Read Count,8482,0.148496478
0363237590_S131_L001_R1_001.fastp.fastq.gz,363237590_R1,Read Count,9124,0.159736131
0363237590_S131_L001_R2_001.fastp.fastq.gz,363237590_R1,Read Count,9124,0.159736131
0363237591_S371_L001_R1_001.fastp.fastq.gz,363237591_R1,Read Count,12231,0.21413115
0363237591_S371_L001_R2_001.fastp.fastq.gz,363237591_R1,Read Count,12231,0.21413115
0363237594_S372_L001_R1_001.fastp.fastq.gz,363237594_R1,Read Count,6258,0.109560358
0363237594_S372_L001_R2_001.fastp.fastq.gz,363237594_R1,Read Count,6258,0.109560358
0363237595_S106_L001_R1_001.fastp.fastq.gz,363237595_R1,Read Count,9500,0.166318856
0363237595_S106_L001_R2_001.fastp.fastq.gz,363237595_R1,Read Count,9500,0.166318856
0363237596_S113_L001_R1_001.fastp.fastq.gz,363237596_R1,Read Count,7565,0.132442331
0363237596_S113_L001_R2_001.fastp.fastq.gz,363237596_R1,Read Count,7565,0.132442331
0363237597_S169_L001_R1_001.fastp.fastq.gz,363237597_R1,Read Count,9199,0.161049174
0363237597_S169_L001_R2_001.fastp.fastq.gz,363237597_R1,Read Count,9199,0.161049174
0363237598_S178_L001_R1_001.fastp.fastq.gz,363237598_R1,Read Count,7556,0.132284766
0363237598_S178_L001_R2_001.fastp.fastq.gz,363237598_R1,Read Count,7556,0.132284766
0363237599_S379_L001_R1_001.fastp.fastq.gz,363237599_R1,Read Count,13046,0.228399557
0363237599_S379_L001_R2_001.fastp.fastq.gz,363237599_R1,Read Count,13046,0.228399557
0363237603_S100_L001_R1_001.fastp.fastq.gz,363237603_R1,Read Count,8407,0.147183434
0363237603_S100_L001_R2_001.fastp.fastq.gz,363237603_R1,Read Count,8407,0.147183434
0363237604_S99_L001_R1_001.fastp.fastq.gz,363237604_R1,Read Count,10621,0.185944481
0363237604_S99_L001_R2_001.fastp.fastq.gz,363237604_R1,Read Count,10621,0.185944481
0363237605_S188_L001_R1_001.fastp.fastq.gz,363237605_R1,Read Count,8410,0.147235956
0363237605_S188_L001_R2_001.fastp.fastq.gz,363237605_R1,Read Count,8410,0.147235956
0363237606_S185_L001_R1_001.fastp.fastq.gz,363237606_R1,Read Count,6164,0.107914677
0363237606_S185_L001_R2_001.fastp.fastq.gz,363237606_R1,Read Count,6164,0.107914677
0363237608_S104_L001_R1_001.fastp.fastq.gz,363237608_R1,Read Count,8694,0.152208014
0363237608_S104_L001_R2_001.fastp.fastq.gz,363237608_R1,Read Count,8694,0.152208014
0363237610_S101_L001_R1_001.fastp.fastq.gz,363237610_R1,Read Count,9949,0.17417961
0363237610_S101_L001_R2_001.fastp.fastq.gz,363237610_R1,Read Count,9949,0.17417961
0363237611_S191_L001_R1_001.fastp.fastq.gz,363237611_R1,Read Count,9441,0.165285928
0363237611_S191_L001_R2_001.fastp.fastq.gz,363237611_R1,Read Count,9441,0.165285928
0363237612_S129_L001_R1_001.fastp.fastq.gz,363237612_R1,Read Count,7956,0.139287665
0363237612_S129_L001_R2_001.fastp.fastq.gz,363237612_R1,Read Count,7956,0.139287665
0363237613_S182_L001_R1_001.fastp.fastq.gz,363237613_R1,Read Count,10593,0.185454278
0363237613_S182_L001_R2_001.fastp.fastq.gz,363237613_R1,Read Count,10593,0.185454278
0363237614_S108_L001_R1_001.fastp.fastq.gz,363237614_R1,Read Count,9897,0.173269233
0363237614_S108_L001_R2_001.fastp.fastq.gz,363237614_R1,Read Count,9897,0.173269233
0363237619_S166_L001_R1_001.fastp.fastq.gz,363237619_R1,Read Count,9867,0.172744016
0363237619_S166_L001_R2_001.fastp.fastq.gz,363237619_R1,Read Count,9867,0.172744016
0363237620_S154_L001_R1_001.fastp.fastq.gz,363237620_R1,Read Count,2161,0.037833163
0363237620_S154_L001_R2_001.fastp.fastq.gz,363237620_R1,Read Count,2161,0.037833163
0363237622_S177_L001_R1_001.fastp.fastq.gz,363237622_R1,Read Count,12212,0.213798513
0363237622_S177_L001_R2_001.fastp.fastq.gz,363237622_R1,Read Count,12212,0.213798513
0363237623_S363_L001_R1_001.fastp.fastq.gz,363237623_R1,Read Count,10206,0.178678973
0363237623_S363_L001_R2_001.fastp.fastq.gz,363237623_R1,Read Count,10206,0.178678973
0363237629_S97_L001_R1_001.fastp.fastq.gz,363237629_R1,Read Count,8513,0.149039202
0363237629_S97_L001_R2_001.fastp.fastq.gz,363237629_R1,Read Count,8513,0.149039202
0363237630_S157_L001_R1_001.fastp.fastq.gz,363237630_R1,Read Count,72,0.001260522
0363237630_S157_L001_R2_001.fastp.fastq.gz,363237630_R1,Read Count,72,0.001260522
0363237839_S172_L001_R1_001.fastp.fastq.gz,363237839_R1,Read Count,14727,0.257829241
0363237839_S172_L001_R2_001.fastp.fastq.gz,363237839_R1,Read Count,14727,0.257829241
0363237853_S341_L001_R1_001.fastp.fastq.gz,363237853_R1,Read Count,9257,0.162064595
0363237853_S341_L001_R2_001.fastp.fastq.gz,363237853_R1,Read Count,9257,0.162064595
0363237871_S134_L001_R1_001.fastp.fastq.gz,363237871_R1,Read Count,8426,0.147516072
0363237871_S134_L001_R2_001.fastp.fastq.gz,363237871_R1,Read Count,8426,0.147516072
0363237876_S136_L001_R1_001.fastp.fastq.gz,363237876_R1,Read Count,7413,0.129781229
0363237876_S136_L001_R2_001.fastp.fastq.gz,363237876_R1,Read Count,7413,0.129781229
0363237883_S151_L001_R1_001.fastp.fastq.gz,363237883_R1,Read Count,9450,0.165443494
0363237883_S151_L001_R2_001.fastp.fastq.gz,363237883_R1,Read Count,9450,0.165443494
0363237887_S382_L001_R1_001.fastp.fastq.gz,363237887_R1,Read Count,8179,0.143191781
0363237887_S382_L001_R2_001.fastp.fastq.gz,363237887_R1,Read Count,8179,0.143191781
0363237912_S117_L001_R1_001.fastp.fastq.gz,363237912_R1,Read Count,6422,0.112431547
0363237912_S117_L001_R2_001.fastp.fastq.gz,363237912_R1,Read Count,6422,0.112431547
0363237921_S98_L001_R1_001.fastp.fastq.gz,363237921_R1,Read Count,11550,0.202208714
0363237921_S98_L001_R2_001.fastp.fastq.gz,363237921_R1,Read Count,11550,0.202208714
0363238211_S48_L001_R1_001.fastp.fastq.gz,363238211_R1,Read Count,9592,0.167929523
0363238211_S48_L001_R2_001.fastp.fastq.gz,363238211_R1,Read Count,9592,0.167929523
0363238212_S336_L001_R1_001.fastp.fastq.gz,363238212_R1,Read Count,8796,0.153993753
0363238212_S336_L001_R2_001.fastp.fastq.gz,363238212_R1,Read Count,8796,0.153993753
0363238213_S70_L001_R1_001.fastp.fastq.gz,363238213_R1,Read Count,5925,0.103730444
0363238213_S70_L001_R2_001.fastp.fastq.gz,363238213_R1,Read Count,5925,0.103730444
0363238214_S46_L001_R1_001.fastp.fastq.gz,363238214_R1,Read Count,7376,0.129133461
0363238214_S46_L001_R2_001.fastp.fastq.gz,363238214_R1,Read Count,7376,0.129133461
0363238215_S334_L001_R1_001.fastp.fastq.gz,363238215_R1,Read Count,5348,0.093628762
0363238215_S334_L001_R2_001.fastp.fastq.gz,363238215_R1,Read Count,5348,0.093628762
0363238216_S3_L001_R1_001.fastp.fastq.gz,363238216_R1,Read Count,9201,0.161084189
0363238216_S3_L001_R2_001.fastp.fastq.gz,363238216_R1,Read Count,9201,0.161084189
0363238219_S89_L001_R1_001.fastp.fastq.gz,363238219_R1,Read Count,8889,0.155621927
0363238219_S89_L001_R2_001.fastp.fastq.gz,363238219_R1,Read Count,8889,0.155621927
0363238220_S68_L001_R1_001.fastp.fastq.gz,363238220_R1,Read Count,17402,0.30466113
0363238220_S68_L001_R2_001.fastp.fastq.gz,363238220_R1,Read Count,17402,0.30466113
0363238221_S90_L001_R1_001.fastp.fastq.gz,363238221_R1,Read Count,6615,0.115810446
0363238221_S90_L001_R2_001.fastp.fastq.gz,363238221_R1,Read Count,6615,0.115810446
0363238222_S12_L001_R1_001.fastp.fastq.gz,363238222_R1,Read Count,8508,0.148951666
0363238222_S12_L001_R2_001.fastp.fastq.gz,363238222_R1,Read Count,8508,0.148951666
0363238223_S11_L001_R1_001.fastp.fastq.gz,363238223_R1,Read Count,8253,0.144487318
0363238223_S11_L001_R2_001.fastp.fastq.gz,363238223_R1,Read Count,8253,0.144487318
0363238224_S32_L001_R1_001.fastp.fastq.gz,363238224_R1,Read Count,6611,0.115740417
0363238224_S32_L001_R2_001.fastp.fastq.gz,363238224_R1,Read Count,6611,0.115740417
0363238227_S49_L001_R1_001.fastp.fastq.gz,363238227_R1,Read Count,7191,0.12589462
0363238227_S49_L001_R2_001.fastp.fastq.gz,363238227_R1,Read Count,7191,0.12589462
0363238228_S28_L001_R1_001.fastp.fastq.gz,363238228_R1,Read Count,4845,0.084822617
0363238228_S28_L001_R2_001.fastp.fastq.gz,363238228_R1,Read Count,4845,0.084822617
0363238229_S75_L001_R1_001.fastp.fastq.gz,363238229_R1,Read Count,16225,0.284055099
0363238229_S75_L001_R2_001.fastp.fastq.gz,363238229_R1,Read Count,16225,0.284055099
0363238230_S2_L001_R1_001.fastp.fastq.gz,363238230_R1,Read Count,7089,0.124108881
0363238230_S2_L001_R2_001.fastp.fastq.gz,363238230_R1,Read Count,7089,0.124108881
0363238231_S27_L001_R1_001.fastp.fastq.gz,363238231_R1,Read Count,7509,0.131461925
0363238231_S27_L001_R2_001.fastp.fastq.gz,363238231_R1,Read Count,7509,0.131461925
0363238232_S72_L001_R1_001.fastp.fastq.gz,363238232_R1,Read Count,8634,0.151157579
0363238232_S72_L001_R2_001.fastp.fastq.gz,363238232_R1,Read Count,8634,0.151157579
0363238235_S41_L001_R1_001.fastp.fastq.gz,363238235_R1,Read Count,37,0.000647768
0363238235_S41_L001_R2_001.fastp.fastq.gz,363238235_R1,Read Count,37,0.000647768
0363238236_S47_L001_R1_001.fastp.fastq.gz,363238236_R1,Read Count,5714,0.100036415
0363238236_S47_L001_R2_001.fastp.fastq.gz,363238236_R1,Read Count,5714,0.100036415
0363238237_S69_L001_R1_001.fastp.fastq.gz,363238237_R1,Read Count,5349,0.09364627
0363238237_S69_L001_R2_001.fastp.fastq.gz,363238237_R1,Read Count,5349,0.09364627
0363238238_S92_L001_R1_001.fastp.fastq.gz,363238238_R1,Read Count,4385,0.076769282
0363238238_S92_L001_R2_001.fastp.fastq.gz,363238238_R1,Read Count,4385,0.076769282
0363238239_S61_L001_R1_001.fastp.fastq.gz,363238239_R1,Read Count,3915,0.068540876
0363238239_S61_L001_R2_001.fastp.fastq.gz,363238239_R1,Read Count,3915,0.068540876
0363238240_S44_L001_R1_001.fastp.fastq.gz,363238240_R1,Read Count,6718,0.117613692
0363238240_S44_L001_R2_001.fastp.fastq.gz,363238240_R1,Read Count,6718,0.117613692
0363238243_S60_L001_R1_001.fastp.fastq.gz,363238243_R1,Read Count,12761,0.223409992
0363238243_S60_L001_R2_001.fastp.fastq.gz,363238243_R1,Read Count,12761,0.223409992
0363238244_S85_L001_R1_001.fastp.fastq.gz,363238244_R1,Read Count,4408,0.077171949
0363238244_S85_L001_R2_001.fastp.fastq.gz,363238244_R1,Read Count,4408,0.077171949
0363238245_S29_L001_R1_001.fastp.fastq.gz,363238245_R1,Read Count,3205,0.05611073
0363238245_S29_L001_R2_001.fastp.fastq.gz,363238245_R1,Read Count,3205,0.05611073
0363238247_S30_L001_R1_001.fastp.fastq.gz,363238247_R1,Read Count,3272,0.057283715
0363238247_S30_L001_R2_001.fastp.fastq.gz,363238247_R1,Read Count,3272,0.057283715
0363238248_S10_L001_R1_001.fastp.fastq.gz,363238248_R1,Read Count,8136,0.14243897
0363238248_S10_L001_R2_001.fastp.fastq.gz,363238248_R1,Read Count,8136,0.14243897
0363238251_S54_L001_R1_001.fastp.fastq.gz,363238251_R1,Read Count,8975,0.157127551
0363238251_S54_L001_R2_001.fastp.fastq.gz,363238251_R1,Read Count,8975,0.157127551
0363238252_S8_L001_R1_001.fastp.fastq.gz,363238252_R1,Read Count,6751,0.118191431
0363238252_S8_L001_R2_001.fastp.fastq.gz,363238252_R1,Read Count,6751,0.118191431
0363238253_S15_L001_R1_001.fastp.fastq.gz,363238253_R1,Read Count,8580,0.150212188
0363238253_S15_L001_R2_001.fastp.fastq.gz,363238253_R1,Read Count,8580,0.150212188
0363238254_S340_L001_R1_001.fastp.fastq.gz,363238254_R1,Read Count,3396,0.059454614
0363238254_S340_L001_R2_001.fastp.fastq.gz,363238254_R1,Read Count,3396,0.059454614
0363238255_S50_L001_R1_001.fastp.fastq.gz,363238255_R1,Read Count,8828,0.154553985
0363238255_S50_L001_R2_001.fastp.fastq.gz,363238255_R1,Read Count,8828,0.154553985
0363238256_S58_L001_R1_001.fastp.fastq.gz,363238256_R1,Read Count,6976,0.122130562
0363238256_S58_L001_R2_001.fastp.fastq.gz,363238256_R1,Read Count,6976,0.122130562
0363238259_S43_L001_R1_001.fastp.fastq.gz,363238259_R1,Read Count,2388,0.041807308
0363238259_S43_L001_R2_001.fastp.fastq.gz,363238259_R1,Read Count,2388,0.041807308
0363238260_S13_L001_R1_001.fastp.fastq.gz,363238260_R1,Read Count,8435,0.147673637
0363238260_S13_L001_R2_001.fastp.fastq.gz,363238260_R1,Read Count,8435,0.147673637
0363238262_S21_L001_R1_001.fastp.fastq.gz,363238262_R1,Read Count,9241,0.161784479
0363238262_S21_L001_R2_001.fastp.fastq.gz,363238262_R1,Read Count,9241,0.161784479
0363238263_S77_L001_R1_001.fastp.fastq.gz,363238263_R1,Read Count,6193,0.108422387
0363238263_S77_L001_R2_001.fastp.fastq.gz,363238263_R1,Read Count,6193,0.108422387
0363238264_S51_L001_R1_001.fastp.fastq.gz,363238264_R1,Read Count,15675,0.274426112
0363238264_S51_L001_R2_001.fastp.fastq.gz,363238264_R1,Read Count,15675,0.274426112
0363238267_S23_L001_R1_001.fastp.fastq.gz,363238267_R1,Read Count,8563,0.149914565
0363238267_S23_L001_R2_001.fastp.fastq.gz,363238267_R1,Read Count,8563,0.149914565
0363238268_S63_L001_R1_001.fastp.fastq.gz,363238268_R1,Read Count,7401,0.129571142
0363238268_S63_L001_R2_001.fastp.fastq.gz,363238268_R1,Read Count,7401,0.129571142
0363238269_S7_L001_R1_001.fastp.fastq.gz,363238269_R1,Read Count,7375,0.129115954
0363238269_S7_L001_R2_001.fastp.fastq.gz,363238269_R1,Read Count,7375,0.129115954
0363238270_S45_L001_R1_001.fastp.fastq.gz,363238270_R1,Read Count,2933,0.051348758
0363238270_S45_L001_R2_001.fastp.fastq.gz,363238270_R1,Read Count,2933,0.051348758
0363238271_S339_L001_R1_001.fastp.fastq.gz,363238271_R1,Read Count,10465,0.18321335
0363238271_S339_L001_R2_001.fastp.fastq.gz,363238271_R1,Read Count,10465,0.18321335
0363238276_S55_L001_R1_001.fastp.fastq.gz,363238276_R1,Read Count,9139,0.159998739
0363238276_S55_L001_R2_001.fastp.fastq.gz,363238276_R1,Read Count,9139,0.159998739
0363238277_S16_L001_R1_001.fastp.fastq.gz,363238277_R1,Read Count,8813,0.154291377
0363238277_S16_L001_R2_001.fastp.fastq.gz,363238277_R1,Read Count,8813,0.154291377
0363238280_S42_L001_R1_001.fastp.fastq.gz,363238280_R1,Read Count,7295,0.127715374
0363238280_S42_L001_R2_001.fastp.fastq.gz,363238280_R1,Read Count,7295,0.127715374
0363238283_S18_L001_R1_001.fastp.fastq.gz,363238283_R1,Read Count,9219,0.161399319
0363238283_S18_L001_R2_001.fastp.fastq.gz,363238283_R1,Read Count,9219,0.161399319
0363238285_S67_L001_R1_001.fastp.fastq.gz,363238285_R1,Read Count,5638,0.098705864
0363238285_S67_L001_R2_001.fastp.fastq.gz,363238285_R1,Read Count,5638,0.098705864
0363238287_S81_L001_R1_001.fastp.fastq.gz,363238287_R1,Read Count,9260,0.162117116
0363238287_S81_L001_R2_001.fastp.fastq.gz,363238287_R1,Read Count,9260,0.162117116
0363238288_S73_L001_R1_001.fastp.fastq.gz,363238288_R1,Read Count,7616,0.133335201
0363238288_S73_L001_R2_001.fastp.fastq.gz,363238288_R1,Read Count,7616,0.133335201
0363238291_S14_L001_R1_001.fastp.fastq.gz,363238291_R1,Read Count,9048,0.15840558
0363238291_S14_L001_R2_001.fastp.fastq.gz,363238291_R1,Read Count,9048,0.15840558
0363238293_S62_L001_R1_001.fastp.fastq.gz,363238293_R1,Read Count,12643,0.221344136
0363238293_S62_L001_R2_001.fastp.fastq.gz,363238293_R1,Read Count,12643,0.221344136
0363238299_S53_L001_R1_001.fastp.fastq.gz,363238299_R1,Read Count,3168,0.055462962
0363238299_S53_L001_R2_001.fastp.fastq.gz,363238299_R1,Read Count,3168,0.055462962
0363238987_S301_L001_R1_001.fastp.fastq.gz,363238987_R1,Read Count,7750,0.135681172
0363238987_S301_L001_R2_001.fastp.fastq.gz,363238987_R1,Read Count,7750,0.135681172
0363238996_S296_L001_R1_001.fastp.fastq.gz,363238996_R1,Read Count,7974,0.139602796
0363238996_S296_L001_R2_001.fastp.fastq.gz,363238996_R1,Read Count,7974,0.139602796
0363239004_S307_L001_R1_001.fastp.fastq.gz,363239004_R1,Read Count,8172,0.143069231
0363239004_S307_L001_R2_001.fastp.fastq.gz,363239004_R1,Read Count,8172,0.143069231
0363239066_S302_L001_R1_001.fastp.fastq.gz,363239066_R1,Read Count,9065,0.158703203
0363239066_S302_L001_R2_001.fastp.fastq.gz,363239066_R1,Read Count,9065,0.158703203
0363239067_S299_L001_R1_001.fastp.fastq.gz,363239067_R1,Read Count,8695,0.152225521
0363239067_S299_L001_R2_001.fastp.fastq.gz,363239067_R1,Read Count,8695,0.152225521
0363240084_S303_L001_R1_001.fastp.fastq.gz,363240084_R1,Read Count,8758,0.153328478
0363240084_S303_L001_R2_001.fastp.fastq.gz,363240084_R1,Read Count,8758,0.153328478
0363240093_S304_L001_R1_001.fastp.fastq.gz,363240093_R1,Read Count,9093,0.159193406
0363240093_S304_L001_R2_001.fastp.fastq.gz,363240093_R1,Read Count,9093,0.159193406